Supplier Name,Supplier GSTIN,Invoice Number,Invoice Date,Taxable Value,Tax Rate,CGST,SGST,IGST,ITC Amount
Delta Stationery,09AABCD1212L1Z3,INV-0001,2026-04-24,5800,5,145.0,145.0,0.0,290.0
Sharma Electricals,09AASSH5555E1Z1,INV-0002,2026-04-05,12500,5,312.5,312.5,0.0,625.0
Urban Facility Services,09AABCU1313M1Z2,INV-0003,2026-04-24,5800,18,522.0,522.0,0.0,1044.0
Sunrise IT Services,09AABCS9999J1Z5,INV-0004,2026-04-14,5800,18,522.0,522.0,0.0,1044.0
ABC Traders,09AAACA1111A1Z5,INV-0005,2026-04-07,3200,5,80.0,80.0,0.0,160.0
BluePeak Packaging,09AABPB4444D1Z2,INV-0006,2026-04-01,58000,18,5220.0,5220.0,0.0,10440.0
Sunrise IT Services,09AABCS9999J1Z5,INV-0007,2026-04-21,12500,18,1125.0,1125.0,0.0,2250.0
Urban Facility Services,09AABCU1313M1Z2,INV-0008,2026-04-08,58000,12,3480.0,3480.0,0.0,6960.0
Metro Tools & Hardware,09AABCM8888H1Z6,INV-0009,2026-04-26,76000,12,4560.0,4560.0,0.0,9120.0
ABC Traders,09AAACA1111A1Z5,INV-0010,2026-04-14,9200,18,828.0,828.0,0.0,1656.0
Vertex Office Systems,09AABCV6666F1Z8,INV-0011,2026-04-07,18000,5,450.0,450.0,0.0,900.0
Vertex Office Systems,09AABCV6666F1Z8,INV-0012,2026-04-13,5800,5,145.0,145.0,0.0,290.0
Northstar Components,09AABCN2222B1Z4,INV-0013,2026-04-20,24000,12,1440.0,1440.0,0.0,2880.0
Sharma Electricals,09AASSH5555E1Z1,INV-0014,2026-04-15,3200,18,288.0,288.0,0.0,576.0
Sunrise IT Services,09AABCS9999J1Z5,INV-0015,2026-04-03,5800,12,348.0,348.0,0.0,696.0
Sunrise IT Services,09AABCS9999J1Z5,INV-0016,2026-04-20,18000,18,1620.0,1620.0,0.0,3240.0
Vertex Office Systems,09AABCV6666F1Z8,INV-0017,2026-04-23,76000,5,1900.0,1900.0,0.0,3800.0
Northstar Components,09AABCN2222B1Z4,INV-0018,2026-04-08,3200,18,288.0,288.0,0.0,576.0
Sharma Electricals,09AASSH5555E1Z1,INV-0019,2026-04-28,5800,5,145.0,145.0,0.0,290.0
Northstar Components,09AABCN2222B1Z4,INV-0020,2026-04-15,31500,12,1890.0,1890.0,0.0,3780.0
Delta Stationery,09AABCD1212L1Z3,INV-0021,2026-04-12,24000,5,600.0,600.0,0.0,1200.0
Vertex Office Systems,09AABCV6666F1Z8,INV-0022,2026-04-09,12500,18,1125.0,1125.0,0.0,2250.0
Urban Facility Services,09AABCU1313M1Z2,INV-0023,2026-04-03,105000,18,9450.0,9450.0,0.0,18900.0
Apex Safety Products,09AAACA0000K1Z4,INV-0024,2026-04-18,105000,5,2625.0,2625.0,0.0,5250.0
Urban Facility Services,09AABCU1313M1Z2,INV-0025,2026-04-15,12500,5,312.5,312.5,0.0,625.0
GreenRoute Logistics,09AABCG7777G1Z7,INV-0026,2026-04-23,18000,18,1620.0,1620.0,0.0,3240.0
Sunrise IT Services,09AABCS9999J1Z5,INV-0027,2026-04-11,12500,18,1125.0,1125.0,0.0,2250.0
ABC Traders,09AAACA1111A1Z5,INV-0028,2026-04-26,12500,5,312.5,312.5,0.0,625.0
Vertex Office Systems,09AABCV6666F1Z8,INV-0029,2026-04-03,31500,12,1890.0,1890.0,0.0,3780.0
BluePeak Packaging,09AABPB4444D1Z2,INV-0030,2026-04-11,76000,18,6840.0,6840.0,0.0,13680.0
BluePeak Packaging,09AABPB4444D1Z2,INV-0031,2026-04-13,105000,12,6300.0,6300.0,0.0,12600.0
Delta Stationery,09AABCD1212L1Z3,INV-0032,2026-04-09,42000,5,1050.0,1050.0,0.0,2100.0
PQR Industrial Supplies,09AAPQP3333C1Z3,INV-0033,2026-04-18,12500,18,1125.0,1125.0,0.0,2250.0
Sunrise IT Services,09AABCS9999J1Z5,INV-0034,2026-04-19,18000,18,1620.0,1620.0,0.0,3240.0
GreenRoute Logistics,09AABCG7777G1Z7,INV-0035,2026-04-12,76000,12,4560.0,4560.0,0.0,9120.0
BluePeak Packaging,09AABPB4444D1Z2,INV-0036,2026-04-16,9200,18,828.0,828.0,0.0,1656.0
Northstar Components,09AABCN2222B1Z4,INV-0037,2026-04-05,3200,5,80.0,80.0,0.0,160.0
Delta Stationery,09AABCD1212L1Z3,INV-0038,2026-04-14,9200,18,828.0,828.0,0.0,1656.0
Apex Safety Products,09AAACA0000K1Z4,INV-0039,2026-04-13,5800,12,348.0,348.0,0.0,696.0
Apex Safety Products,09AAACA0000K1Z4,INV-0040,2026-04-09,42000,18,3780.0,3780.0,0.0,7560.0
Sunrise IT Services,09AABCS9999J1Z5,INV-0041,2026-04-24,3200,18,288.0,288.0,0.0,576.0
Northstar Components,09AABCN2222B1Z4,INV-0042,2026-04-25,105000,18,9450.0,9450.0,0.0,18900.0
Sharma Electricals,09AASSH5555E1Z1,INV-0043,2026-04-04,105000,12,6300.0,6300.0,0.0,12600.0
Sharma Electricals,09AASSH5555E1Z1,INV-0044,2026-04-15,31500,5,787.5,787.5,0.0,1575.0
ABC Traders,09AAACA1111A1Z5,INV-0045,2026-04-25,18000,18,1620.0,1620.0,0.0,3240.0
PQR Industrial Supplies,09AAPQP3333C1Z3,INV-0046,2026-04-28,58000,5,1450.0,1450.0,0.0,2900.0
Delta Stationery,09AABCD1212L1Z3,INV-0047,2026-04-17,18000,18,1620.0,1620.0,0.0,3240.0
Apex Safety Products,09AAACA0000K1Z4,INV-0048,2026-04-12,12500,5,312.5,312.5,0.0,625.0
PQR Industrial Supplies,09AAPQP3333C1Z3,INV-0049,2026-04-30,58000,18,5220.0,5220.0,0.0,10440.0
ABC Traders,09AAACA1111A1Z5,INV-0050,2026-04-16,76000,12,4560.0,4560.0,0.0,9120.0
ABC Traders,09AAACA1111A1Z5,INV-0051,2026-04-29,5800,12,348.0,348.0,0.0,696.0
Sharma Electricals,09AASSH5555E1Z1,INV-0052,2026-04-08,12500,5,312.5,312.5,0.0,625.0
Apex Safety Products,09AAACA0000K1Z4,INV-0053,2026-04-24,5800,5,145.0,145.0,0.0,290.0
Metro Tools & Hardware,09AABCM8888H1Z6,INV-0054,2026-04-25,5800,18,522.0,522.0,0.0,1044.0
PQR Industrial Supplies,09AAPQP3333C1Z3,INV-0055,2026-04-16,9200,18,828.0,828.0,0.0,1656.0
Sunrise IT Services,09AABCS9999J1Z5,INV-0056,2026-04-17,9200,12,552.0,552.0,0.0,1104.0
Apex Safety Products,09AAACA0000K1Z4,INV-0057,2026-04-30,31500,5,787.5,787.5,0.0,1575.0
Sunrise IT Services,09AABCS9999J1Z5,INV-0058,2026-04-10,12500,18,1125.0,1125.0,0.0,2250.0
GreenRoute Logistics,09AABCG7777G1Z7,INV-0059,2026-04-12,105000,18,9450.0,9450.0,0.0,18900.0
Metro Tools & Hardware,09AABCM8888H1Z6,INV-0060,2026-04-04,58000,12,3480.0,3480.0,0.0,6960.0
BluePeak Packaging,09AABPB4444D1Z2,INV-0061,2026-04-11,12500,5,312.5,312.5,0.0,625.0
ABC Traders,09AAACA1111A1Z5,INV-0062,2026-04-08,76000,18,6840.0,6840.0,0.0,13680.0
Apex Safety Products,09AAACA0000K1Z4,INV-0063,2026-04-03,12500,5,312.5,312.5,0.0,625.0
Urban Facility Services,09AABCU1313M1Z2,INV-0064,2026-04-08,105000,5,2625.0,2625.0,0.0,5250.0
Northstar Components,09AABCN2222B1Z4,INV-0065,2026-04-03,3200,12,192.0,192.0,0.0,384.0
Sunrise IT Services,09AABCS9999J1Z5,INV-0066,2026-04-22,12500,12,750.0,750.0,0.0,1500.0
Metro Tools & Hardware,09AABCM8888H1Z6,INV-0067,2026-04-05,12500,18,1125.0,1125.0,0.0,2250.0
Urban Facility Services,09AABCU1313M1Z2,INV-0068,2026-04-16,76000,18,6840.0,6840.0,0.0,13680.0
BluePeak Packaging,09AABPB4444D1Z2,INV-0069,2026-04-07,42000,12,2520.0,2520.0,0.0,5040.0
Northstar Components,09AABCN2222B1Z4,INV-0070,2026-04-14,5800,18,522.0,522.0,0.0,1044.0
Vertex Office Systems,09AABCV6666F1Z8,INV-0071,2026-04-15,31500,12,1890.0,1890.0,0.0,3780.0
Urban Facility Services,09AABCU1313M1Z2,INV-0072,2026-04-21,3200,18,288.0,288.0,0.0,576.0
Delta Stationery,09AABCD1212L1Z3,INV-0073,2026-04-13,5800,5,145.0,145.0,0.0,290.0
Urban Facility Services,09AABCU1313M1Z2,INV-0074,2026-04-08,24000,5,600.0,600.0,0.0,1200.0
BluePeak Packaging,09AABPB4444D1Z2,INV-0075,2026-04-15,12500,18,1125.0,1125.0,0.0,2250.0
PQR Industrial Supplies,09AAPQP3333C1Z3,INV-0076,2026-04-09,31500,5,787.5,787.5,0.0,1575.0
Metro Tools & Hardware,09AABCM8888H1Z6,INV-0077,2026-04-15,12500,5,312.5,312.5,0.0,625.0
Sunrise IT Services,09AABCS9999J1Z5,INV-0078,2026-04-21,5800,5,145.0,145.0,0.0,290.0
Sunrise IT Services,09AABCS9999J1Z5,INV-0079,2026-04-30,3200,5,80.0,80.0,0.0,160.0
BluePeak Packaging,09AABPB4444D1Z2,INV-0080,2026-04-16,9200,12,552.0,552.0,0.0,1104.0
Metro Tools & Hardware,09AABCM8888H1Z6,INV-0081,2026-04-29,12500,12,750.0,750.0,0.0,1500.0
ABC Traders,09AAACA1111A1Z5,INV-0082,2026-04-01,9200,12,552.0,552.0,0.0,1104.0
GreenRoute Logistics,09AABCG7777G1Z7,INV-0083,2026-04-10,18000,12,1080.0,1080.0,0.0,2160.0
GreenRoute Logistics,09AABCG7777G1Z7,INV-0084,2026-04-23,58000,18,5220.0,5220.0,0.0,10440.0
Metro Tools & Hardware,09AABCM8888H1Z6,INV-0085,2026-04-10,9200,5,230.0,230.0,0.0,460.0
BluePeak Packaging,09AABPB4444D1Z2,INV-0086,2026-04-24,3200,18,288.0,288.0,0.0,576.0
Sunrise IT Services,09AABCS9999J1Z5,INV-0087,2026-04-11,3200,18,288.0,288.0,0.0,576.0
ABC Traders,09AAACA1111A1Z5,INV-0088,2026-04-16,3200,18,288.0,288.0,0.0,576.0
Sunrise IT Services,09AABCS9999J1Z5,INV-0089,2026-04-02,58000,5,1450.0,1450.0,0.0,2900.0
Sunrise IT Services,09AABCS9999J1Z5,INV-0090,2026-04-03,5800,5,145.0,145.0,0.0,290.0
Apex Safety Products,09AAACA0000K1Z4,INV-0091,2026-04-28,5800,18,522.0,522.0,0.0,1044.0
BluePeak Packaging,09AABPB4444D1Z2,INV-0092,2026-04-29,31500,5,787.5,787.5,0.0,1575.0
Apex Safety Products,09AAACA0000K1Z4,INV-0093,2026-04-20,12500,18,1125.0,1125.0,0.0,2250.0
ABC Traders,09AAACA1111A1Z5,INV-0094,2026-04-14,76000,5,1900.0,1900.0,0.0,3800.0
Delta Stationery,09AABCD1212L1Z3,INV-0095,2026-04-17,76000,18,6840.0,6840.0,0.0,13680.0
Vertex Office Systems,09AABCV6666F1Z8,INV-0096,2026-04-22,18000,5,450.0,450.0,0.0,900.0
Urban Facility Services,09AABCU1313M1Z2,INV-0097,2026-04-09,24000,5,600.0,600.0,0.0,1200.0
GreenRoute Logistics,09AABCG7777G1Z7,INV-0098,2026-04-21,9200,18,828.0,828.0,0.0,1656.0
Sharma Electricals,09AASSH5555E1Z1,INV-0099,2026-04-30,42000,12,2520.0,2520.0,0.0,5040.0
Northstar Components,09AABCN2222B1Z4,INV-0100,2026-04-20,3200,12,192.0,192.0,0.0,384.0
